academic_period,disability_status,qualification,estimate_pct,employment_rate
July 2013 to June 2014,Disabled,Degree or equivalent,15.9,44.188978547636076
July 2013 to June 2014,Disabled,Higher Education,8.6,44.188978547636076
July 2013 to June 2014,Disabled,GCE A level or equivalent,19,44.188978547636076
July 2013 to June 2014,Disabled,GCSE grades C and higher or equivalent,22,44.188978547636076
July 2013 to June 2014,Disabled,Other qualification,13,44.188978547636076
July 2013 to June 2014,Disabled,No qualification,21.6,44.188978547636076
July 2013 to June 2014,Non-disabled,Degree or equivalent,31.9,77.98943850309254
July 2013 to June 2014,Non-disabled,Higher Education,9.7,77.98943850309254
July 2013 to June 2014,Non-disabled,GCE A level or equivalent,21.4,77.98943850309254
July 2013 to June 2014,Non-disabled,GCSE grades C and higher or equivalent,20.5,77.98943850309254
July 2013 to June 2014,Non-disabled,Other qualification,9.4,77.98943850309254
July 2013 to June 2014,Non-disabled,No qualification,7.2,77.98943850309254
July 2014 to June 2015,Disabled,Degree or equivalent,16.9,45.8778581585171
July 2014 to June 2015,Disabled,Higher Education,8.8,45.8778581585171
July 2014 to June 2015,Disabled,GCE A level or equivalent,19.4,45.8778581585171
July 2014 to June 2015,Disabled,GCSE grades C and higher or equivalent,22.7,45.8778581585171
July 2014 to June 2015,Disabled,Other qualification,12.4,45.8778581585171
July 2014 to June 2015,Disabled,No qualification,19.8,45.8778581585171
July 2014 to June 2015,Non-disabled,Degree or equivalent,33.3,79.09710776007722
July 2014 to June 2015,Non-disabled,Higher Education,10,79.09710776007722
July 2014 to June 2015,Non-disabled,GCE A level or equivalent,20.9,79.09710776007722
July 2014 to June 2015,Non-disabled,GCSE grades C and higher or equivalent,19.7,79.09710776007722
July 2014 to June 2015,Non-disabled,Other qualification,9.2,79.09710776007722
July 2014 to June 2015,Non-disabled,No qualification,6.9,79.09710776007722
July 2015 to June 2016,Disabled,Degree or equivalent,17.9,46.7374253939308
July 2015 to June 2016,Disabled,Higher Education,8.5,46.7374253939308
July 2015 to June 2016,Disabled,GCE A level or equivalent,19.6,46.7374253939308
July 2015 to June 2016,Disabled,GCSE grades C and higher or equivalent,23.1,46.7374253939308
July 2015 to June 2016,Disabled,Other qualification,12.3,46.7374253939308
July 2015 to June 2016,Disabled,No qualification,18.7,46.7374253939308
July 2015 to June 2016,Non-disabled,Degree or equivalent,34.6,80.10551192851972
July 2015 to June 2016,Non-disabled,Higher Education,9.6,80.10551192851972
July 2015 to June 2016,Non-disabled,GCE A level or equivalent,20.7,80.10551192851972
July 2015 to June 2016,Non-disabled,GCSE grades C and higher or equivalent,19.4,80.10551192851972
July 2015 to June 2016,Non-disabled,Other qualification,9.1,80.10551192851972
July 2015 to June 2016,Non-disabled,No qualification,6.6,80.10551192851972
July 2016 to June 2017,Disabled,Degree or equivalent,19.3,48.96816483820177
July 2016 to June 2017,Disabled,Higher Education,8.5,48.96816483820177
July 2016 to June 2017,Disabled,GCE A level or equivalent,19.8,48.96816483820177
July 2016 to June 2017,Disabled,GCSE grades C and higher or equivalent,23.4,48.96816483820177
July 2016 to June 2017,Disabled,Other qualification,11.9,48.96816483820177
July 2016 to June 2017,Disabled,No qualification,17.2,48.96816483820177
July 2016 to June 2017,Non-disabled,Degree or equivalent,35.7,80.4054174226688
July 2016 to June 2017,Non-disabled,Higher Education,9.3,80.4054174226688
July 2016 to June 2017,Non-disabled,GCE A level or equivalent,20.8,80.4054174226688
July 2016 to June 2017,Non-disabled,GCSE grades C and higher or equivalent,19.2,80.4054174226688
July 2016 to June 2017,Non-disabled,Other qualification,8.8,80.4054174226688
July 2016 to June 2017,Non-disabled,No qualification,6.2,80.4054174226688
July 2017 to June 2018,Disabled,Degree or equivalent,20.1,50.41930609446145
July 2017 to June 2018,Disabled,Higher Education,8.8,50.41930609446145
July 2017 to June 2018,Disabled,GCE A level or equivalent,19.7,50.41930609446145
July 2017 to June 2018,Disabled,GCSE grades C and higher or equivalent,23.1,50.41930609446145
July 2017 to June 2018,Disabled,Other qualification,11.3,50.41930609446145
July 2017 to June 2018,Disabled,No qualification,17,50.41930609446145
July 2017 to June 2018,Non-disabled,Degree or equivalent,36.1,81.0936032293856
July 2017 to June 2018,Non-disabled,Higher Education,9.1,81.0936032293856
July 2017 to June 2018,Non-disabled,GCE A level or equivalent,21,81.0936032293856
July 2017 to June 2018,Non-disabled,GCSE grades C and higher or equivalent,19,81.0936032293856
July 2017 to June 2018,Non-disabled,Other qualification,8.7,81.0936032293856
July 2017 to June 2018,Non-disabled,No qualification,6.2,81.0936032293856
July 2018 to June 2019,Disabled,Degree or equivalent,21.8,51.80706697387662
July 2018 to June 2019,Disabled,Higher Education,9,51.80706697387662
July 2018 to June 2019,Disabled,GCE A level or equivalent,19.5,51.80706697387662
July 2018 to June 2019,Disabled,GCSE grades C and higher or equivalent,23.2,51.80706697387662
July 2018 to June 2019,Disabled,Other qualification,10.4,51.80706697387662
July 2018 to June 2019,Disabled,No qualification,16.1,51.80706697387662
July 2018 to June 2019,Non-disabled,Degree or equivalent,38,81.546173797827
July 2018 to June 2019,Non-disabled,Higher Education,8.8,81.546173797827
July 2018 to June 2019,Non-disabled,GCE A level or equivalent,20.4,81.546173797827
July 2018 to June 2019,Non-disabled,GCSE grades C and higher or equivalent,18.4,81.546173797827
July 2018 to June 2019,Non-disabled,Other qualification,8.4,81.546173797827
July 2018 to June 2019,Non-disabled,No qualification,6,81.546173797827
July 2019 to June 2020,Disabled,Degree or equivalent,23,52.9671805462586
July 2019 to June 2020,Disabled,Higher Education,8.8,52.9671805462586
July 2019 to June 2020,Disabled,GCE A level or equivalent,19.8,52.9671805462586
July 2019 to June 2020,Disabled,GCSE grades C and higher or equivalent,23.2,52.9671805462586
July 2019 to June 2020,Disabled,Other qualification,9.9,52.9671805462586
July 2019 to June 2020,Disabled,No qualification,15.2,52.9671805462586
July 2019 to June 2020,Non-disabled,Degree or equivalent,39.7,81.796492399555
July 2019 to June 2020,Non-disabled,Higher Education,8.9,81.796492399555
July 2019 to June 2020,Non-disabled,GCE A level or equivalent,20.4,81.796492399555
July 2019 to June 2020,Non-disabled,GCSE grades C and higher or equivalent,18,81.796492399555
July 2019 to June 2020,Non-disabled,Other qualification,7.6,81.796492399555
July 2019 to June 2020,Non-disabled,No qualification,5.4,81.796492399555
July 2020 to June 2021,Disabled,Degree or equivalent,24.9,51.6246040266439
July 2020 to June 2021,Disabled,Higher Education,8.3,51.6246040266439
July 2020 to June 2021,Disabled,GCE A level or equivalent,20.6,51.6246040266439
July 2020 to June 2021,Disabled,GCSE grades C and higher or equivalent,23.3,51.6246040266439
July 2020 to June 2021,Disabled,Other qualification,9.6,51.6246040266439
July 2020 to June 2021,Disabled,No qualification,13.3,51.6246040266439
July 2020 to June 2021,Non-disabled,Degree or equivalent,42.7,80.84203463424102
July 2020 to June 2021,Non-disabled,Higher Education,8.6,80.84203463424102
July 2020 to June 2021,Non-disabled,GCE A level or equivalent,19.7,80.84203463424102
July 2020 to June 2021,Non-disabled,GCSE grades C and higher or equivalent,17.4,80.84203463424102
July 2020 to June 2021,Non-disabled,Other qualification,7,80.84203463424102
July 2020 to June 2021,Non-disabled,No qualification,4.6,80.84203463424102
